{"cameraMode":{"drawMode":0,"name":"Shaded","section":"Shading Mode"},"sceneLighting":false,"audioPlay":false,"sceneViewState":{"showFog":true,"showMaterialUpdate":false,"showSkybox":true,"showFlares":true,"showImageEffects":true,"showParticleSystems":true},"in2DMode":false,"pivot":{"x":727.6900024414063,"y":-0.04312491416931152,"z":-16.16287612915039},"rotation":{"x":0.1115584522485733,"y":0.74507737159729,"z":-0.1289028376340866,"w":0.6448244452476502},"size":11.92082405090332,"orthographic":false}