{"cameraMode":{"drawMode":0,"name":"Shaded","section":"Shading Mode"},"sceneLighting":false,"audioPlay":false,"sceneViewState":{"showFog":true,"showMaterialUpdate":false,"showSkybox":true,"showFlares":true,"showImageEffects":true,"showParticleSystems":true},"in2DMode":false,"pivot":{"x":736.78125,"y":10.02913761138916,"z":-192.31185913085938},"rotation":{"x":-0.0007906171376816928,"y":0.9988996386528015,"z":-0.018292788416147233,"w":-0.0431784987449646},"size":28.477758407592775,"orthographic":false}