{"cameraMode":{"drawMode":0,"name":"Shaded","section":"Shading Mode"},"sceneLighting":false,"audioPlay":false,"sceneViewState":{"showFog":true,"showMaterialUpdate":false,"showSkybox":true,"showFlares":true,"showImageEffects":true,"showParticleSystems":true},"in2DMode":false,"pivot":{"x":0.0,"y":1.5459423065185547,"z":1.536621332168579},"rotation":{"x":0.17962603271007539,"y":0.5583365559577942,"z":-0.12533526122570039,"w":0.8001787066459656},"size":9.668327331542969,"orthographic":false}