{"cameraMode":{"drawMode":0,"name":"Shaded","section":"Shading Mode"},"sceneLighting":false,"audioPlay":false,"sceneViewState":{"showFog":true,"showMaterialUpdate":false,"showSkybox":true,"showFlares":true,"showImageEffects":true,"showParticleSystems":true},"in2DMode":false,"pivot":{"x":730.252197265625,"y":0.664133608341217,"z":-29.700000762939454},"rotation":{"x":0.0763574168086052,"y":0.8515951633453369,"z":-0.5021839737892151,"w":0.12948571145534516},"size":7.864623069763184,"orthographic":false}