{"cameraMode":{"drawMode":0,"name":"Shaded","section":"Shading Mode"},"sceneLighting":false,"audioPlay":false,"sceneViewState":{"showFog":true,"showMaterialUpdate":false,"showSkybox":true,"showFlares":true,"showImageEffects":true,"showParticleSystems":true},"in2DMode":false,"pivot":{"x":-0.7396607398986816,"y":2.007805824279785,"z":11.674789428710938},"rotation":{"x":0.17962603271007539,"y":0.5583365559577942,"z":-0.12533526122570039,"w":0.8001787066459656},"size":19.160842895507814,"orthographic":false}