{"cameraMode":{"drawMode":0,"name":"Shaded","section":"Shading Mode"},"sceneLighting":false,"audioPlay":false,"sceneViewState":{"showFog":true,"showMaterialUpdate":false,"showSkybox":true,"showFlares":true,"showImageEffects":true,"showParticleSystems":true},"in2DMode":false,"pivot":{"x":3.9427547454833986,"y":1.599442958831787,"z":-2.2526347637176515},"rotation":{"x":0.17962603271007539,"y":0.5583365559577942,"z":-0.12533526122570039,"w":0.8001787066459656},"size":1.7903165817260743,"orthographic":false}