{"cameraMode":{"drawMode":0,"name":"Shaded","section":"Shading Mode"},"sceneLighting":false,"audioPlay":false,"sceneViewState":{"showFog":true,"showMaterialUpdate":false,"showSkybox":true,"showFlares":true,"showImageEffects":true,"showParticleSystems":true},"in2DMode":false,"pivot":{"x":-193.5823211669922,"y":0.6462173461914063,"z":220.25901794433595},"rotation":{"x":0.01020753476768732,"y":-0.984920859336853,"z":0.06244099885225296,"w":0.16102154552936555},"size":13.35932445526123,"orthographic":false}